Date,Open,High,Low,Close*,Adj Close**,Volume
01/17/24,2026.5,2026.5,2002.6,2002.6,2002.6,46
01/16/24,2051.7,2054.8,2026,2026,2026,46
01/15/24,2051.7,2054.8,2051.7,2054.8,2054.8,390
01/12/24,2031.1,2057,2031.1,2046.7,2046.7,390
01/11/24,2025.1,2025.1,2014.3,2014.3,2014.3,97
01/10/24,2029,2035.6,2021.7,2021.7,2021.7,538
01/09/24,2035.8,2035.8,2026.4,2026.4,2026.4,27
01/08/24,2019.1,2033.7,2019.1,2026.6,2026.6,10
01/05/24,2044.5,2048.1,2042.4,2042.4,2042.4,12
01/04/24,2041.6,2044.5,2038,2042.3,2042.3,88
01/03/24,2034.2,2044,2034.2,2034.2,2034.2,54
01/02/24,2063.5,2073.7,2057.1,2064.4,2064.4,61
12/29/23,2068,2068.9,2062.1,2062.4,2062.4,47
12/28/23,2081.6,2087.3,2066.5,2073.9,2073.9,338
12/27/23,2067.3,2081.9,2064.8,2081.9,2081.9,586
12/26/23,2060,2060.8,2054.2,2058.2,2058.2,64
12/22/23,2055.7,2068.7,2052.2,2057.1,2057.1,202
12/21/23,2035.8,2044.5,2033,2039.1,2039.1,228
12/20/23,2037.1,2037.1,2030.3,2034.5,2034.5,258
12/19/23,2025.2,2042.7,2025.2,2038.4,2038.4,498
12/18/23,2024.3,2032.8,2024,2026.3,2026.3,100
12/15/23,2032.6,2043.4,2018.3,2021.1,2021.1,261
12/14/23,2024.7,2040.1,2024.3,2030.2,2030.2,236
12/13/23,1978.5,2024.8,1975,1982.3,1982.3,2252
12/12/23,1984.2,1994.2,1977.8,1977.8,1977.8,95
12/11/23,2004.1,2004.2,1977.2,1978,1978,651
12/08/23,2031.7,2033.1,1995,1998.3,1998.3,449
12/07/23,2029.2,2034.9,2024,2029.9,2029.9,67
12/06/23,2019.9,2035.8,2019,2030.5,2030.5,417
12/05/23,2035.1,2037,2010.2,2018.5,2018.5,289
12/04/23,2075.3,2130.2,2021,2024.1,2024.1,1071
12/01/23,2038.3,2073.2,2036,2071,2071,614
11/30/23,2046.1,2047.1,2033.1,2038.1,2038.1,2506
11/29/23,2041.7,2052.1,2036,2047.1,2047.1,15290
11/28/23,2040.6,2042.7,2039.7,2039.7,2039.7,174665
11/27/23,2011.7,2011.8,2011.7,2011.8,2011.8,228
11/24/23,1991.9,2002.2,1991.5,2002.2,2002.2,63
11/23/23,1991.9,1991.9,1991.5,1991.5,1991.5,6075
11/22/23,1999.1,1999.4,1991,1991.4,1991.4,6075
11/21/23,1990.7,2005.5,1988.5,1999.3,1999.3,16
11/20/23,1978.7,1979.4,1969.7,1977.7,1977.7,182
11/17/23,1982.5,1984,1979.8,1981.6,1981.6,32
11/16/23,1965.3,1983.9,1964.6,1983.9,1983.9,39
11/15/23,1962.8,1962.8,1960,1960.1,1960.1,6
11/14/23,1965.8,1965.8,1961.8,1961.8,1961.8,2
11/13/23,1939.9,1947.2,1934,1945.5,1945.5,191
11/10/23,1959.6,1959.6,1932.6,1932.6,1932.6,375
11/09/23,1951.7,1964.2,1945.3,1964.2,1964.2,10
11/08/23,1967.8,1967.8,1947.7,1951.5,1951.5,43
11/07/23,1966.5,1966.8,1960.7,1966.8,1966.8,20
11/06/23,1981.6,1981.6,1977.4,1981.6,1981.6,130
11/02/23,1989,1991.5,1989,1991.5,1991.5,12
11/01/23,1989.1,1990.3,1979.5,1985.6,1985.6,39
10/31/23,1990.5,1990.5,1977.8,1978.8,1978.8,41
10/30/23,1996.5,2001,1983.7,1985.2,1985.2,84
10/29/23,2004.1,2004.1,1992.5,1996.2,1996.2,157
10/26/23,1988.6,1988.6,1988.6,1988.6,1988.6,372
10/25/23,1988.2,1988.2,1980.4,1987.2,1987.2,521
10/24/23,1971.2,1985.3,1971.2,1984.1,1984.1,97
10/23/23,1970.3,1975,1970.3,1975,1975,10
10/22/23,1976.2,1978.9,1972.9,1976.3,1976.3,127
10/19/23,1981.1,1988.6,1980.4,1982.5,1982.5,557
10/18/23,1950.1,1977.7,1945.7,1968.4,1968.4,1945
10/17/23,1935,1957.9,1935,1955.3,1955.3,67
10/16/23,1914.3,1925.8,1914.3,1922.7,1922.7,103
10/15/23,1910.4,1921.1,1910.3,1921.1,1921.1,53
10/12/23,1877.5,1930.1,1877.5,1927.4,1927.4,43
10/11/23,1874.7,1881.2,1867,1869.3,1869.3,46
10/10/23,1869.5,1874.6,1869.1,1872.8,1872.8,65
10/09/23,1857,1861.4,1852.8,1861,1861,236
10/08/23,1842.5,1861.5,1842.5,1849.5,1849.5,232
10/05/23,1819,1831.8,1809.4,1830.2,1830.2,390
10/04/23,1826.3,1826.3,1815.6,1816.6,1816.6,393
10/03/23,1821.8,1828.2,1816.4,1818.5,1818.5,357
10/02/23,1825,1830.9,1816.8,1824.6,1824.6,310
10/01/23,1844.1,1845.9,1826.7,1830,1830,2309
09/28/23,1864.3,1872.3,1846,1848.1,1848.1,1605
09/27/23,1875.5,1878.2,1856.7,1860.4,1860.4,4654
09/26/23,1871.6,1871.6,1871.6,1871.6,1871.6,12251
09/25/23,1905,1905.1,1900.4,1900.4,1900.4,161
09/24/23,1916.6,1916.6,1916.6,1916.6,1916.6,114
09/21/23,1925.4,1925.4,1925.4,1925.4,1925.4,1
09/20/23,1924,1924,1919.2,1919.2,1919.2,9
09/19/23,1945.6,1945.6,1929.2,1945.6,1945.6,119
09/18/23,1934,1934,1932,1932,1932,6
09/17/23,1928.2,1931.5,1926.4,1931.5,1931.5,19
09/14/23,1923.5,1927.3,1923.5,1923.7,1923.7,8
09/13/23,1903,1910,1903,1910,1910,169
09/12/23,1910.3,1914.6,1908.9,1909.1,1909.1,15
09/11/23,1920.8,1920.8,1911.3,1911.3,1911.3,365
09/10/23,1923,1928.3,1921.8,1923.3,1923.3,50
09/07/23,1924,1924.7,1918.4,1918.4,1918.4,105
09/06/23,1917.6,1921.5,1917.5,1917.5,1917.5,41
09/05/23,1924.1,1925.3,1916.3,1918.1,1918.1,24
09/04/23,1934.4,1934.4,1924.7,1926.2,1926.2,113
08/31/23,1950,1950,1936.6,1939.8,1939.8,167
08/30/23,1944.4,1944.4,1938.2,1938.2,1938.2,491
08/29/23,1936,1946.4,1934.6,1944.3,1944.3,396
08/28/23,1917.9,1936.5,1916.9,1936.5,1936.5,1674
08/27/23,1915.5,1921.5,1915.5,1917.9,1917.9,99
08/24/23,1919.8,1919.8,1911.1,1911.1,1911.1,195
08/23/23,1920,1920.8,1918.2,1918.2,1918.2,337
08/22/23,1909.6,1918.5,1909.6,1918.5,1918.5,547
08/21/23,1894.6,1896.8,1892.8,1896.4,1896.4,46
08/20/23,1893.6,1893.6,1893.3,1893.3,1893.3,876
08/17/23,1891.8,1891.8,1886.1,1886.1,1886.1,19
08/16/23,1893.7,1902.4,1884,1884.1,1884.1,245
08/15/23,1904.5,1904.5,1890.3,1896.1,1896.1,22
08/14/23,1906,1907.7,1895,1902.5,1902.5,73
08/13/23,1909.3,1912.6,1903.3,1910.6,1910.6,46
08/10/23,1913,1916.6,1911.8,1912.9,1912.9,57
08/09/23,1921.1,1927.8,1911.4,1914.4,1914.4,178
08/08/23,1925.4,1928.8,1913.7,1915.4,1915.4,451
08/07/23,1931.7,1933.2,1923,1924.1,1924.1,555
08/06/23,1941,1941,1929.8,1933.5,1933.5,376
08/03/23,1934.9,1945,1920,1939.6,1939.6,290
08/02/23,1934.2,1936.5,1928,1932,1932,773
08/01/23,1948.4,1953.6,1933.2,1937.4,1937.4,652
07/31/23,1964.9,1965.4,1940.7,1940.7,1940.7,688
07/30/23,1959.2,1971.6,1950,1970.5,1970.5,1025
07/27/23,1945.5,1962.2,1944.2,1960.4,1960.4,23155
07/26/23,1945.4,1945.4,1945.4,1945.4,1945.4,194253
07/25/23,1966.2,1972,1966.2,1968.9,1968.9,51
07/24/23,1953,1962.5,1953,1962.1,1962.1,19
07/23/23,1965.3,1965.5,1960.3,1960.3,1960.3,2
07/20/23,1961.8,1964.3,1961.8,1964.3,1964.3,50
07/19/23,1973.7,1973.7,1965.6,1968.3,1968.3,638
07/18/23,1977,1977.5,1973,1977.5,1977.5,35
07/17/23,1968.8,1978.4,1963.4,1977.2,1977.2,83
07/16/23,1954,1956.5,1946.6,1952.4,1952.4,29
07/13/23,1958.4,1960.6,1952.7,1960.1,1960.1,94
07/12/23,1961.1,1961.1,1953,1959.2,1959.2,121
07/11/23,1932.3,1958,1932.2,1956.2,1956.2,132
07/10/23,1925,1937,1924.2,1931.3,1931.3,142
07/09/23,1923.6,1926.1,1912.3,1925,1925,269
07/06/23,1913.4,1934.1,1913.4,1926.2,1926.2,61
07/05/23,1909.3,1910.2,1903.2,1908.7,1908.7,81
07/04/23,1923.5,1933.9,1914.7,1919.6,1919.6,193
07/03/23,1917.9,1929.5,1917.9,1921.7,1921.7,41
06/29/23,1908.6,1921.1,1900.6,1921.1,1921.1,445
06/28/23,1909.9,1909.9,1892.5,1909.2,1909.2,289
06/27/23,1912.3,1912.3,1912.3,1912.3,1912.3,628
06/26/23,1927,1929.4,1914,1914,1914,49
06/25/23,1922.9,1928.5,1922.5,1923.7,1923.7,71
06/22/23,1918.7,1932.5,1918.7,1919.1,1919.1,105
06/21/23,1920,1921,1912.1,1912.7,1912.7,237
06/20/23,1935.6,1936.8,1920,1933.3,1933.3,557
06/19/23,1958.6,1958.6,1931.3,1935.5,1935.5,193
06/15/23,1961.4,1962.9,1953.5,1958.4,1958.4,119
06/14/23,1941.7,1958.8,1926,1957.8,1957.8,329
06/13/23,1946.2,1958.2,1940.3,1955.3,1955.3,202
06/12/23,1960.6,1967.5,1940.3,1944.6,1944.6,343
06/11/23,1959.7,1963.5,1951.4,1955.3,1955.3,212
06/08/23,1965.1,1969.8,1960.3,1962.2,1962.2,49
06/07/23,1943.2,1969,1943.1,1963.6,1963.6,433
06/06/23,1959,1968.4,1940.7,1942.7,1942.7,139
06/05/23,1960.8,1965.5,1958.8,1965.5,1965.5,164
06/04/23,1947.5,1961.9,1937.8,1958,1958,713
06/01/23,1977.1,1982.5,1947.4,1952.4,1952.4,356
05/31/23,1963.2,1983,1954.3,1978,1978,750
05/30/23,1958.2,1973,1953,1963.9,1963.9,5959
05/29/23,1942.7,1962.6,1931,1958,1958,37838
05/25/23,1948.2,1948.4,1944.1,1944.1,1944.1,166036
05/24/23,1943.1,1943.1,1943.1,1943.1,1943.1,1
05/23/23,1975.4,1975.4,1962.8,1962.8,1962.8,189
05/22/23,1972.4,1972.4,1972.4,1972.4,1972.4,1
05/21/23,1980.5,1980.5,1974.8,1974.8,1974.8,8
05/18/23,1960,1978.7,1960,1978.7,1978.7,106
05/17/23,1956.5,1956.8,1956.5,1956.5,1956.5,23
05/16/23,1983.6,1983.6,1980.7,1980.7,1980.7,13
05/15/23,1988.4,1988.4,1988.4,1988.4,1988.4,49
05/14/23,2013.8,2018,2013.8,2018,2018,3
05/11/23,2014.5,2014.5,2014.5,2014.5,2014.5,115
05/10/23,2034.1,2038.3,2014,2014.7,2014.7,90
05/09/23,2032.3,2044.3,2029.5,2030.5,2030.5,248
05/08/23,2026.6,2037.3,2025.9,2036.2,2036.2,241
05/07/23,2022.5,2026.3,2022.5,2026.3,2026.3,3
05/04/23,2046.4,2046.4,2004.3,2017.4,2017.4,59
05/03/23,2045,2072,2040,2048,2048,930
05/02/23,2017.1,2035.1,2015.2,2028.6,2028.6,1349
05/01/23,1994.7,2018,1994.7,2014.3,2014.3,1896
04/30/23,1980.1,2005,1976.9,1983.4,1983.4,210
04/27/23,1986.9,1990.1,1977.7,1990.1,1990.1,152
04/26/23,1990.6,2002.3,1979.9,1989.9,1989.9,355
04/25/23,1997.8,1998.8,1985.6,1985.7,1985.7,615
04/24/23,1995.7,1999.1,1982.3,1994,1994,306
04/23/23,1981.3,1989.8,1977.4,1989.1,1989.1,145
04/20/23,1996.2,1996.2,1974.1,1979.5,1979.5,132
04/19/23,1998,2007.6,1998,2007.6,2007.6,164
04/18/23,2005.7,2006.4,1969.8,1995.2,1995.2,61
04/17/23,1996.9,2007.4,1996.9,2007.4,2007.4,72
04/16/23,2002.7,2007.6,1983.2,1994.2,1994.2,554
04/13/23,2041,2047.8,1995,2002.2,2002.2,718
04/12/23,2015.6,2048.6,2015.6,2041.3,2041.3,1043
04/11/23,2005.2,2025.7,2005.2,2010.9,2010.9,172
04/10/23,1991.4,2006.5,1991.4,2004.8,2004.8,68
04/09/23,2000,2006.6,1984,1989.1,1989.1,652
04/05/23,2022.2,2023.3,2005,2011.9,2011.9,-
04/04/23,2022.1,2033.8,2013.6,2020.9,2020.9,525
04/03/23,1984.6,2027.1,1979,2022.2,2022.2,811
04/02/23,1968.1,1991.7,1950,1983.9,1983.9,737
03/30/23,1981.3,1986.8,1968,1969,1969,957
03/29/23,1965.9,1984.4,1954.9,1980.3,1980.3,10119
03/28/23,1966.1,1966.1,1966.1,1966.1,1966.1,88563
03/27/23,1972.4,1972.4,1972.4,1972.4,1972.4,21
03/26/23,1957.2,1957.2,1952.4,1952.4,1952.4,877
03/23/23,1991.7,1995.4,1982.1,1982.1,1982.1,19
03/22/23,1990.5,1994.6,1990.5,1993.8,1993.8,33
03/21/23,1946.8,1974,1946.8,1946.8,1946.8,50
03/20/23,1973.8,1973.8,1938,1938,1938,47
03/19/23,1988.3,2003.9,1968.9,1979.2,1979.2,389
03/16/23,1946,1985.1,1946,1969.8,1969.8,82
03/15/23,1909.9,1931.7,1909.9,1919,1919,394
03/14/23,1903.9,1926.6,1898.5,1926.6,1926.6,564
03/13/23,1912.2,1912.2,1901.1,1906.2,1906.2,107
03/12/23,1890.8,1913.1,1875.1,1911.7,1911.7,503
03/10/23,1852.3,1868.5,1852,1862,1862,248
03/09/23,1816.4,1829.3,1815.6,1829.3,1829.3,332
03/08/23,1811.6,1812.9,1811.5,1812.7,1812.7,75
03/07/23,1840.9,1840.9,1813.9,1813.9,1813.9,450
03/06/23,1853.3,1853.8,1844.2,1847.9,1847.9,5
03/03/23,1837.3,1855.4,1837.3,1847.7,1847.7,61
03/02/23,1830,1836.3,1830,1833.5,1833.5,154
03/01/23,1827.1,1841.7,1827.1,1837.7,1837.7,211
02/28/23,1808.1,1830,1808.1,1828.9,1828.9,618
02/27/23,1811.6,1817.5,1808.9,1817,1817,829
02/24/23,1808.8,1808.8,1808.8,1808.8,1808.8,404
02/23/23,1826.4,1827.5,1818,1818,1818,291
02/22/23,1835.7,1836.2,1825.1,1832,1832,278
02/21/23,1842.6,1843,1833,1833,1833,862
02/17/23,1827.4,1842.2,1818.4,1840.4,1840.4,35
02/16/23,1838.6,1843.7,1827.2,1842,1842,222
02/15/23,1842,1842,1828.2,1834.2,1834.2,368
02/14/23,1854.1,1862,1846.2,1854,1854,656
02/13/23,1859,1861,1850,1851.9,1851.9,569
02/10/23,1861.6,1863.5,1852.4,1862.8,1862.8,27
02/09/23,1875.3,1884.6,1859.8,1866.2,1866.2,223
02/08/23,1872.1,1880.4,1872.1,1877.4,1877.4,230
02/07/23,1870,1875.7,1868,1871.7,1871.7,297
02/06/23,1865.6,1880,1863.4,1866.2,1866.2,424
02/03/23,1912.4,1917,1861.5,1862.9,1862.9,992
02/02/23,1952.3,1959.1,1911.3,1916.3,1916.3,748
02/01/23,1927.2,1955,1922,1927.8,1927.8,2290
01/31/23,1923,1930.4,1900.6,1929.5,1929.5,1910
01/30/23,1928.3,1933.6,1920.3,1922.9,1922.9,27220
01/27/23,1928.6,1928.6,1928.6,1928.6,1928.6,150902
01/26/23,1936.6,1937.1,1927.1,1929.1,1929.1,131
01/25/23,1941.2,1941.2,1939.8,1941.2,1941.2,7
01/24/23,1931.8,1936.8,1931.8,1933.9,1933.9,201
01/23/23,1926.5,1927.1,1915,1927.1,1927.1,218
01/20/23,1922.1,1928.5,1921.4,1926.4,1926.4,1346
01/19/23,1922.1,1931.8,1922.1,1922.1,1922.1,371
01/18/23,1911.1,1911.1,1903.1,1904.4,1904.4,1027
01/17/23,1920.1,1920.1,1905.2,1907.2,1907.2,706
01/13/23,1899,1920.9,1898.3,1918.4,1918.4,512
01/12/23,1877.2,1897.4,1877.2,1895.5,1895.5,59
01/11/23,1873.1,1877.8,1873.1,1874.6,1874.6,1236
01/10/23,1877.8,1878.1,1871.6,1871.6,1871.6,101
01/09/23,1867,1880,1867,1872.7,1872.7,62
01/06/23,1838.4,1868.2,1835.3,1864.2,1864.2,26
01/05/23,1855.2,1855.2,1834.8,1834.8,1834.8,24
01/04/23,1845.6,1859.1,1845.6,1852.8,1852.8,25
01/03/23,1836.2,1839.7,1836.2,1839.7,1839.7,29
12/30/22,1817,1822.3,1816.8,1819.7,1819.7,95
12/29/22,1805.8,1819.5,1805.8,1819.5,1819.5,277
12/28/22,1803.2,1807.9,1803.1,1807.9,1807.9,434
12/27/22,1803.4,1826.3,1803.4,1814.8,1814.8,69
12/23/22,1794.3,1802.8,1794.1,1795.9,1795.9,49
12/22/22,1818.1,1818.1,1785,1787,1787,411
12/21/22,1817.4,1821.4,1814.4,1815.9,1815.9,35
12/20/22,1786.5,1821.4,1786.5,1815.9,1815.9,51
12/19/22,1791.6,1796.3,1785.6,1787.7,1787.7,79
12/16/22,1777.9,1791.4,1777.9,1790,1790,206
12/15/22,1801,1801,1774.8,1777.2,1777.2,421
12/14/22,1810.8,1812.8,1797.9,1807.5,1807.5,1074
12/13/22,1780.7,1819.8,1780.5,1813.9,1813.9,205
12/12/22,1787.3,1793.9,1777.7,1780.5,1780.5,85
12/09/22,1794.9,1804.3,1791.1,1798.1,1798.1,125
12/08/22,1782,1790.9,1782,1788.7,1788.7,713
12/07/22,1769.3,1790.3,1769.3,1785.5,1785.5,422
12/06/22,1768.6,1779.4,1767.9,1769.3,1769.3,105
12/05/22,1795.7,1808,1764.3,1767.4,1767.4,1713
12/02/22,1802,1802.3,1779.4,1795.9,1795.9,1725
12/01/22,1768.7,1803.7,1768.7,1801.1,1801.1,1053
11/30/22,1748.1,1769.4,1745.1,1746,1746,3339
11/29/22,1739.5,1758.2,1737.9,1748.4,1748.4,19416
11/28/22,1741.3,1741.3,1740.1,1740.1,1740.1,132767
11/25/22,1753,1757.9,1749.2,1753.3,1753.3,216
11/23/22,1736.5,1750.9,1736.5,1744.9,1744.9,39
11/22/22,1741.7,1741.7,1738.3,1738.3,1738.3,15
11/21/22,1739,1744.9,1736.1,1737.4,1737.4,544
11/18/22,1763.3,1763.3,1747.6,1751.9,1751.9,414
11/17/22,1763,1763,1756,1760.8,1760.8,18
11/16/22,1776.6,1778.9,1773,1773,1773,303
11/15/22,1770.8,1773.8,1769.9,1773.8,1773.8,57
11/14/22,1762,1773.6,1761.6,1773.6,1773.6,358
11/11/22,1763.8,1766,1757.6,1766,1766,257
11/10/22,1708.2,1750.3,1708.2,1750.3,1750.3,325
11/09/22,1707.4,1720.2,1706,1710.1,1710.1,497
11/08/22,1703.2,1712.1,1703.2,1712.1,1712.1,23
11/07/22,1676.9,1677.9,1672.9,1676.5,1676.5,42
11/03/22,1630.2,1674.5,1629,1672.5,1672.5,159
11/02/22,1629.2,1629.2,1615.1,1627.3,1627.3,1427
11/01/22,1650.8,1664.7,1634,1645.7,1645.7,612
10/31/22,1630.8,1653.7,1630.8,1645,1645,985
10/30/22,1641.8,1641.8,1633.4,1635.9,1635.9,522
10/27/22,1661,1661,1638.7,1639.6,1639.6,626
10/26/22,1660.7,1660.7,1660.7,1660.7,1660.7,2298
10/25/22,1649.8,1667,1649.8,1664,1664,89
10/24/22,1648.2,1652.8,1637.3,1652.8,1652.8,880
10/23/22,1662.7,1662.7,1648.7,1648.7,1648.7,29
10/20/22,1634.1,1653.9,1634.1,1651,1651,224
10/19/22,1622.8,1641.4,1622.8,1630.8,1630.8,477
10/18/22,1637.5,1637.5,1627.5,1627.5,1627.5,84
10/17/22,1651.4,1655.2,1649,1649,1649,597
10/16/22,1650.2,1657,1646.8,1657,1657,238
10/13/22,1665.3,1667,1640,1641.7,1641.7,82
10/12/22,1675.2,1675.3,1641.5,1670,1670,729
10/11/22,1668,1672.7,1668,1670.3,1670.3,149
10/10/22,1661.8,1678.7,1661,1678.7,1678.7,167
10/09/22,1693.4,1693.4,1667,1667.3,1667.3,195
10/06/22,1710.1,1710.1,1693.7,1700.5,1700.5,179
10/05/22,1721,1723.3,1709.1,1711.7,1711.7,133
10/04/22,1724.1,1726.6,1703,1711.4,1711.4,418
10/03/22,1701.2,1728,1696,1721.1,1721.1,291
10/02/22,1667.2,1700,1661.9,1692.9,1692.9,410
09/29/22,1661.7,1672.7,1658,1662.4,1662.4,548
09/28/22,1657,1662.6,1640,1658.5,1658.5,6028
09/27/22,1620.4,1660.4,1620.4,1660.4,1660.4,18311
09/26/22,1632.2,1636.6,1626.7,1626.7,1626.7,888
09/25/22,1623.3,1623.3,1623.3,1623.3,1623.3,1205
09/22/22,1667,1667,1645.3,1645.3,1645.3,1224
09/21/22,1668.3,1670.8,1668.3,1670.8,1670.8,973
09/20/22,1665.5,1680.1,1664.6,1664.6,1664.6,2337
09/19/22,1659.7,1659.7,1659.7,1659.7,1659.7,2830
09/18/22,1661.8,1669.4,1658.5,1666.2,1666.2,580
09/15/22,1660.4,1674.9,1651.7,1671.7,1671.7,464
09/14/22,1685.5,1686,1662.3,1665.4,1665.4,1125
09/13/22,1698.7,1701.8,1696.5,1696.5,1696.5,532
09/12/22,1720.5,1720.5,1697.3,1705,1705,432
09/11/22,1727.4,1728.1,1727.4,1728.1,1728.1,68
09/08/22,1719.2,1720,1712.8,1716.2,1716.2,635
09/07/22,1718.2,1718.2,1705.3,1708,1708,1193
09/06/22,1694.8,1715.3,1694.7,1715.3,1715.3,651
09/05/22,1709.7,1717.4,1699.7,1700.4,1700.4,697
09/01/22,1703.4,1715.7,1703.1,1709.8,1709.8,182
08/31/22,1707.9,1707.9,1693.9,1696.6,1696.6,683
08/30/22,1718.3,1720.9,1708.5,1712.8,1712.8,2133
08/29/22,1736.4,1739,1720.7,1723.2,1723.2,385
08/28/22,1732.4,1741.2,1732.1,1736.6,1736.6,950
08/25/22,1754,1755,1736.1,1736.1,1736.1,202
08/24/22,1761.6,1761.8,1755,1757.7,1757.7,172
08/23/22,1745,1751.8,1743.6,1747.8,1747.8,187
08/22/22,1738,1748.9,1731.9,1746.8,1746.8,509
08/21/22,1740.5,1740.5,1726.5,1734,1734,347
08/18/22,1753.7,1754.3,1747.5,1747.6,1747.6,49
08/17/22,1762.9,1762.9,1753.4,1755.3,1755.3,321
08/16/22,1769.7,1769.7,1760,1760.3,1760.3,23
08/15/22,1777.4,1777.4,1771.4,1773.2,1773.2,308
08/14/22,1799,1799,1774.7,1781.4,1781.4,64
08/11/22,1786.3,1800.4,1784.3,1798.6,1798.6,187
08/10/22,1794.3,1794.3,1785.7,1789.7,1789.7,1235
08/09/22,1804.4,1804.9,1787.8,1795.6,1795.6,601
08/08/22,1790,1796.1,1789,1794,1794,249
08/07/22,1771.8,1786.8,1771.8,1786.8,1786.8,127
08/04/22,1791.2,1791.4,1764.2,1772.9,1772.9,645
08/03/22,1769.4,1792.1,1767.7,1788.5,1788.5,285
08/02/22,1756.7,1770.5,1753,1758,1758,399
08/01/22,1772.1,1786.6,1759.4,1771.1,1771.1,1078
07/31/22,1763.9,1772.5,1756.1,1769,1769,705
07/28/22,1754,1765.7,1750,1762.9,1762.9,3485
07/27/22,1732.3,1755,1732,1750.3,1750.3,37236
07/26/22,1719.1,1719.1,1719.1,1719.1,1719.1,144865
07/25/22,1718,1718,1717.7,1717.7,1717.7,1
07/24/22,1727,1732,1719,1719,1719,67
07/21/22,1713.3,1735,1713,1727.1,1727.1,61
07/20/22,1687,1715.5,1679.8,1712.7,1712.7,183
07/19/22,1707.1,1708.5,1699.5,1699.5,1699.5,130
07/18/22,1712.3,1714.4,1706.1,1710,1710,1684
07/17/22,1712.2,1712.4,1709.2,1709.2,1709.2,264
07/14/22,1705.4,1709.7,1701.1,1702.4,1702.4,721
07/13/22,1710.3,1710.5,1704.5,1704.5,1704.5,1289
07/12/22,1710,1734.2,1710,1734.2,1734.2,368
07/11/22,1734.2,1735.5,1723.3,1723.3,1723.3,451
07/10/22,1732.5,1736.7,1730,1730,1730,75
07/07/22,1738.1,1749.3,1732.1,1740.6,1740.6,370
07/06/22,1745.2,1745.2,1737,1737.9,1737.9,1869
07/05/22,1762.5,1768,1734,1734.9,1734.9,1729
07/04/22,1805.4,1805.4,1761.8,1761.8,1761.8,64
06/30/22,1795.5,1806.1,1791.6,1798.9,1798.9,77
06/29/22,1809.6,1817.3,1801,1804.1,1804.1,328
06/28/22,1818.3,1830.3,1812.8,1813.7,1813.7,173
06/27/22,1824.2,1826,1817.5,1817.5,1817.5,391
06/26/22,1830.5,1830.7,1819.9,1820.9,1820.9,77
06/23/22,1820.5,1826.5,1815.8,1826.5,1826.5,61
06/22/22,1835.5,1841.2,1825.7,1825.7,1825.7,9
06/21/22,1829.5,1842.7,1821.6,1834.3,1834.3,115
06/20/22,1835.3,1838.6,1830.1,1834.6,1834.6,216
06/16/22,1853.7,1853.7,1833.6,1835.6,1835.6,170
06/15/22,1819.2,1850.6,1814.9,1845.7,1845.7,136
06/14/22,1814.1,1839,1810.8,1815.3,1815.3,108
06/13/22,1825,1825.5,1805.3,1809.5,1809.5,536
06/12/22,1873.8,1873.8,1818.7,1828,1828,127
06/09/22,1842.7,1875.6,1823.9,1871.5,1871.5,1490
06/08/22,1846.1,1850.1,1837.9,1848.8,1848.8,159
06/07/22,1844.8,1855,1844.4,1851.9,1851.9,218
06/06/22,1836.9,1851.6,1835,1847.5,1847.5,1168
06/05/22,1849,1854.1,1839.2,1839.2,1839.2,142
06/02/22,1867.6,1871.8,1845.4,1845.4,1845.4,53
06/01/22,1845.4,1868.7,1842.1,1866.5,1866.5,551
05/31/22,1831,1847.9,1825.3,1843.3,1843.3,1623
05/30/22,1850.3,1862.1,1832.8,1842.7,1842.7,4073
05/26/22,1848.3,1860.7,1845.9,1851.3,1851.3,30091
05/25/22,1840.4,1847.4,1840.4,1847.4,1847.4,123355
05/24/22,1846.2,1846.2,1846.2,1846.2,1846.2,-
05/23/22,1852.5,1867,1852.5,1865.1,1865.1,33
05/22/22,1846.3,1863,1845.8,1847.8,1847.8,216
05/19/22,1839.1,1841.8,1836.3,1841.8,1841.8,110
05/18/22,1810.9,1841.2,1810.7,1841.2,1841.2,138
05/17/22,1815,1819.7,1805,1815.9,1815.9,311
05/16/22,1824.9,1828.6,1816.7,1818.2,1818.2,121
05/15/22,1790.5,1813.5,1787,1813.5,1813.5,34
05/12/22,1825,1825,1807.4,1807.4,1807.4,335
05/11/22,1849.8,1851.9,1822.2,1823.8,1823.8,153
05/10/22,1841.5,1852.6,1841,1852.6,1852.6,892
05/09/22,1839.9,1839.9,1839.9,1839.9,1839.9,1540
05/08/22,1866.6,1867.5,1854,1857.1,1857.1,304
05/05/22,1874.7,1890.3,1871.5,1881.2,1881.2,214
05/04/22,1897,1904.3,1874,1874,1874,80
05/03/22,1867,1867,1867,1867,1867,1
05/02/22,1868.8,1868.8,1868.8,1868.8,1868.8,466
05/01/22,1896.7,1896.8,1853,1861.8,1861.8,385
04/28/22,1902.7,1918.2,1902.4,1909.3,1909.3,132
04/27/22,1883.8,1893,1872.9,1888.7,1888.7,513
04/26/22,1897.8,1900.6,1882.2,1885.9,1885.9,1786
04/25/22,1900.5,1909.1,1894,1901.4,1901.4,302
04/24/22,1925,1925,1889.3,1893.2,1893.2,748
04/21/22,1949.6,1950.4,1930.2,1931,1931,178
04/20/22,1942.5,1944.9,1942.5,1944.9,1944.9,4
04/19/22,1945.5,1953.6,1945.5,1952.3,1952.3,621
04/18/22,1973.8,1978.3,1945.7,1955.7,1955.7,130
04/17/22,1973.4,1997.1,1972.8,1982.9,1982.9,196
04/13/22,1977.2,1978.7,1963,1970.9,1970.9,101
04/12/22,1969.5,1981,1969.5,1981,1981,204
04/11/22,1952.5,1977.1,1950.6,1972.1,1972.1,246
04/10/22,1946.6,1968.4,1941.8,1944.3,1944.3,163
04/07/22,1928.8,1947.7,1928.8,1941.6,1941.6,153
04/06/22,1919.5,1934.8,1919.5,1933.8,1933.8,311
04/05/22,1916.7,1931.8,1916.7,1918.4,1918.4,138
04/04/22,1927.1,1943.5,1918.4,1922.9,1922.9,412
04/03/22,1921.2,1936.1,1915.6,1929.2,1929.2,371
03/31/22,1935,1938,1917,1919.1,1919.1,1016
03/30/22,1933.5,1949.9,1919.1,1949.2,1949.2,3617
03/29/22,1918.4,1937,1914.5,1933.5,1933.5,17765
03/28/22,1893.5,1912,1893.5,1912,1912,128051
03/27/22,1932.6,1939.6,1932.6,1939.6,1939.6,7
03/24/22,1953.8,1953.8,1953.8,1953.8,1953.8,83
03/23/22,1963.6,1964,1961.6,1961.6,1961.6,8
03/22/22,1936.6,1936.6,1936.6,1936.6,1936.6,204
03/21/22,1920.7,1920.7,1920.7,1920.7,1920.7,26
03/20/22,1925.4,1928.6,1925,1928.6,1928.6,5
03/17/22,1934.5,1939.3,1928.2,1928.2,1928.2,28
03/16/22,1933.9,1947.2,1933.9,1942.1,1942.1,39
03/15/22,1922.4,1922.4,1907.2,1908,1908,104
03/14/22,1939.8,1939.9,1910.7,1928.5,1928.5,71
03/13/22,1976.5,1977.7,1959.6,1959.6,1959.6,145
03/11/22,1985,1996,1959.9,1982.7,1982.7,865
03/10/22,1978.1,2010.5,1978.1,1998.1,1998.1,670
03/09/22,2053.6,2063,1980.8,1985.9,1985.9,1022
03/08/22,1999.4,2072,1998,2040.1,2040.1,1813
03/07/22,1989,2001.1,1963,1993.9,1993.9,2516
03/04/22,1937,1970.9,1935.6,1965.1,1965.1,47
03/03/22,1930.5,1940.3,1924.8,1934.4,1934.4,122
03/02/22,1945.6,1948.2,1919.8,1920.9,1920.9,109
03/01/22,1908.3,1942.4,1903.8,1942.4,1942.4,547
02/28/22,1928.3,1928.4,1894.2,1899.4,1899.4,390
02/25/22,1906.9,1920,1883.6,1886.5,1886.5,586
02/24/22,1911.9,1972.5,1911.7,1925.1,1925.1,2706
02/23/22,1896.6,1910.6,1895.7,1909.2,1909.2,73
02/22/22,1908.1,1912,1890.8,1906.1,1906.1,173
02/18/22,1899.4,1899.4,1890.7,1898.6,1898.6,51
02/17/22,1876.3,1900.7,1876.2,1900.7,1900.7,393
02/16/22,1858.7,1870.2,1856.3,1870.2,1870.2,34
02/15/22,1872.6,1879.7,1847.4,1854.8,1854.8,86
02/14/22,1861.8,1870.6,1854.6,1868,1868,79
02/11/22,1822,1864.8,1822,1840.8,1840.8,181
02/10/22,1833.3,1842.1,1820.8,1836.2,1836.2,365
02/09/22,1825.4,1835.2,1825.3,1835.2,1835.2,683
02/08/22,1818.9,1827.6,1815,1826.6,1826.6,108
02/07/22,1812.2,1821.3,1809.1,1820.6,1820.6,601
02/04/22,1806,1813.7,1792.5,1806.6,1806.6,571
02/03/22,1805.8,1808.1,1787.9,1803,1803,466
02/02/22,1797.8,1810.1,1795.1,1809.2,1809.2,1690
02/01/22,1797.2,1806.1,1797.1,1800.3,1800.3,223
01/31/22,1788.5,1798.5,1785.1,1795,1795,1735
01/28/22,1797.5,1798.4,1778.8,1784.9,1784.9,28521
01/27/22,1793.3,1793.3,1793.3,1793.3,1793.3,196036
01/26/22,1829.9,1829.9,1829.9,1829.9,1829.9,55
01/25/22,1843,1852.7,1842,1852.7,1852.7,11
01/24/22,1837.9,1842.1,1837.9,1841.7,1841.7,8
01/21/22,1838,1842.4,1828.9,1831.8,1831.8,19
01/20/22,1840.6,1843,1838.2,1842.5,1842.5,20
01/19/22,1817.4,1843.1,1817.4,1843.1,1843.1,4
01/18/22,1816.8,1820.1,1812.3,1812.3,1812.3,900
01/14/22,1821.5,1822,1816.5,1816.5,1816.5,816
01/13/22,1819.8,1823,1815.4,1821.2,1821.2,40
01/12/22,1819,1827.2,1816.9,1827.2,1827.2,1547
01/11/22,1803.9,1822.5,1803,1818.6,1818.6,743
01/10/22,1794.9,1798.7,1790.4,1798.4,1798.4,534
01/07/22,1791.8,1797,1784.4,1797,1797,17
01/06/22,1787.1,1791.3,1787.1,1788.7,1788.7,30
01/05/22,1813.1,1824.6,1813.1,1824.6,1824.6,8
01/04/22,1800.5,1815.3,1800,1814,1814,38
01/03/22,1830.1,1830.1,1798.8,1799.4,1799.4,116
12/31/21,1825.1,1827.8,1821.4,1827.5,1827.5,80
12/30/21,1801.7,1816,1796,1812.7,1812.7,306
12/29/21,1803.2,1805.1,1791.4,1805.1,1805.1,623
12/28/21,1812,1818,1805.5,1810.2,1810.2,146
12/27/21,1810,1812.1,1807,1808.1,1808.1,150
12/23/21,1806,1811.2,1800.8,1811.2,1811.2,193
12/22/21,1786,1805.2,1785.5,1801.6,1801.6,567
12/21/21,1791.4,1796.5,1787.9,1787.9,1787.9,575
12/20/21,1796.8,1799.8,1792,1793.7,1793.7,226
12/17/21,1804,1812.9,1803.8,1803.8,1803.8,654
12/16/21,1781,1798.1,1781,1796.6,1796.6,21
12/15/21,1767.4,1778.7,1753.9,1762.6,1762.6,283
12/14/21,1787,1787,1769,1770.4,1770.4,322
12/13/21,1784.4,1787.1,1783.8,1786.3,1786.3,206
12/10/21,1773.8,1785.4,1769.1,1782.9,1782.9,545
12/09/21,1783.5,1783.5,1771.8,1774.6,1774.6,455
12/08/21,1789.9,1789.9,1779,1783.4,1783.4,1383
12/07/21,1779.5,1786.1,1772.3,1782.6,1782.6,308
12/06/21,1780.2,1783,1777.2,1777.5,1777.5,381
12/03/21,1767.5,1785.1,1766.5,1782,1782,694
12/02/21,1780.9,1780.9,1760.6,1760.7,1760.7,1557
12/01/21,1774.8,1790.5,1772.3,1781.6,1781.6,1128
11/30/21,1783.9,1808.1,1768.7,1773.6,1773.6,4903
11/29/21,1791.7,1798.9,1779.1,1782.3,1782.3,26926
11/26/21,1791.1,1791.4,1785.3,1785.3,1785.3,186800
11/24/21,1793,1793,1781.4,1784.1,1784.1,188
11/23/21,1795.5,1795.5,1783.5,1783.5,1783.5,264
11/22/21,1841.6,1841.6,1805.7,1806,1806,14
11/19/21,1851.2,1851.2,1851.2,1851.2,1851.2,21
11/18/21,1861,1861,1861,1861,1861,9
11/17/21,1862.6,1869.7,1862.6,1869.7,1869.7,2
11/16/21,1853.6,1853.6,1853.6,1853.6,1853.6,1
11/15/21,1864.5,1866.9,1864.5,1866.1,1866.1,87
11/12/21,1860.8,1867.9,1847.6,1867.9,1867.9,210
11/11/21,1853.9,1866.5,1853.9,1863.2,1863.2,292
11/10/21,1825.8,1865,1824.9,1847.6,1847.6,795
11/09/21,1826.1,1832.7,1820.7,1830.2,1830.2,170
11/08/21,1817,1827.4,1816.9,1827.4,1827.4,261
11/04/21,1794.9,1817.1,1794.9,1816.4,1816.4,239
11/03/21,1776.6,1798.2,1776.2,1793,1793,103
11/02/21,1768,1768,1761.8,1763.6,1763.6,108
11/01/21,1790.5,1795.5,1787.7,1788.7,1788.7,213
10/31/21,1787.5,1795.1,1786.7,1795.1,1795.1,142
10/28/21,1793.1,1797,1774.6,1783,1783,583
10/27/21,1795.5,1807.3,1795.5,1801.6,1801.6,452
10/26/21,1791.5,1798.1,1791.5,1797.9,1797.9,543
10/25/21,1808.8,1808.8,1788.6,1792.7,1792.7,359
10/24/21,1794.3,1809,1794,1806,1806,140
10/21/21,1787.1,1806.9,1784,1795.5,1795.5,532
10/20/21,1782,1785.7,1781,1781.2,1781.2,146
10/19/21,1774.6,1785.6,1774,1784.1,1784.1,127
10/18/21,1777.6,1785,1767.5,1769.7,1769.7,51
10/17/21,1761.6,1770.1,1759.5,1764.8,1764.8,266
10/14/21,1794.5,1795.4,1766.6,1767.2,1767.2,874
10/13/21,1792.2,1799.9,1792,1796.7,1796.7,337
10/12/21,1760.8,1794.5,1760.8,1793.7,1793.7,150
10/11/21,1751.9,1768,1749.8,1758.3,1758.3,139
10/10/21,1756.6,1757.8,1752.2,1754.6,1754.6,128
10/07/21,1757,1780,1754.2,1756.3,1756.3,254
10/06/21,1762.4,1762.4,1752.8,1757.9,1757.9,336
10/05/21,1759.3,1762.9,1744.7,1760.5,1760.5,56
10/04/21,1764.3,1764.3,1749,1759.6,1759.6,98
10/03/21,1764.5,1768.9,1749.5,1766.2,1766.2,417
09/30/21,1754.3,1762.6,1748.5,1757,1757,2220
09/29/21,1725.5,1760.3,1724.5,1755.3,1755.3,997
09/28/21,1732.4,1744.1,1721.4,1721.5,1721.5,6634
09/27/21,1739.6,1741.7,1726.8,1735.8,1735.8,15748
09/26/21,1751.7,1754.4,1747.5,1750,1750,808
09/23/21,1749.7,1749.7,1745,1749.7,1749.7,76
09/22/21,1766.8,1766.8,1738.2,1747.7,1747.7,31
09/21/21,1776.7,1784.3,1767,1776.7,1776.7,17
09/20/21,1762.2,1776,1759,1776,1776,106
09/19/21,1751.8,1761.8,1750.9,1761.8,1761.8,185
09/16/21,1758.8,1763,1749.4,1749.4,1749.4,581
09/15/21,1792.9,1792.9,1743.9,1754.6,1754.6,1645
09/14/21,1803.7,1803.7,1792.4,1792.4,1792.4,59
09/13/21,1791.4,1806.2,1783,1804.7,1804.7,764
09/12/21,1789.8,1796,1784,1792,1792,533
09/09/21,1789.6,1789.6,1789.6,1789.6,1789.6,-
09/08/21,1798.7,1798.7,1787.9,1797.4,1797.4,49
09/07/21,1781.7,1790.7,1781.7,1790.7,1790.7,69
09/06/21,1825.7,1825.7,1792.7,1795.9,1795.9,48
09/02/21,1820.9,1833.9,1818.9,1830.9,1830.9,53
09/01/21,1813.2,1813.9,1806.8,1808.7,1808.7,26
08/31/21,1813.5,1815.9,1809.5,1813.1,1813.1,114
08/30/21,1815.9,1815.9,1801.1,1815,1815,82
08/29/21,1818.2,1820.3,1807.8,1809,1809,684
08/26/21,1803.4,1816.6,1803.1,1816.6,1816.6,1219
08/25/21,1787.4,1792.2,1781,1792.2,1792.2,61
08/24/21,1792,1792.9,1784,1788.2,1788.2,812
08/23/21,1801,1805.6,1801,1805.6,1805.6,22
08/22/21,1776.8,1804.8,1776.8,1803.2,1803.2,32
08/19/21,1784.1,1787.5,1778.2,1781,1781,235
08/18/21,1780,1789.3,1775.5,1780.2,1780.2,245
08/17/21,1787.8,1791.5,1779,1781.6,1781.6,263
08/16/21,1787.7,1794.2,1780,1785,1785,200
08/15/21,1776.9,1787.8,1771.9,1786.9,1786.9,219
08/12/21,1758.3,1777.3,1757.4,1775.2,1775.2,436
08/11/21,1749.7,1752.4,1745.5,1749,1749,739
08/10/21,1727.3,1752.2,1727.3,1750.4,1750.4,542
08/09/21,1728.6,1735.2,1720.1,1728.8,1728.8,1363
08/08/21,1753.5,1753.8,1692.6,1723.4,1723.4,1621
08/05/21,1799.8,1800.1,1758.4,1760,1760,859
08/04/21,1810.8,1813.7,1796,1805.1,1805.1,588
08/03/21,1809.3,1831.3,1806.3,1810.5,1810.5,2860
08/02/21,1812.3,1813.5,1806,1810.1,1810.1,3341
08/01/21,1812.4,1818.7,1804.8,1818.1,1818.1,1334
07/29/21,1828,1830.5,1808.9,1812.6,1812.6,3100
07/28/21,1806.6,1832.6,1806.1,1831.2,1831.2,30496
07/27/21,1799.5,1799.5,1799.5,1799.5,1799.5,209783
07/26/21,1803.7,1803.7,1799.5,1799.5,1799.5,1
07/25/21,1802.5,1802.5,1797.2,1798.7,1798.7,17
07/22/21,1800,1801.4,1800,1801.4,1801.4,1
07/21/21,1793.6,1805,1793.6,1805,1805,2
07/20/21,1807,1807,1800,1802.9,1802.9,135
07/19/21,1812.9,1824,1810.9,1810.9,1810.9,128
07/18/21,1803.3,1813.4,1803.3,1808.7,1808.7,33
07/15/21,1830.1,1831.4,1814.5,1814.5,1814.5,78
07/14/21,1831.6,1833,1823.4,1828.4,1828.4,99
07/13/21,1813.1,1829,1813.1,1824.3,1824.3,707
07/12/21,1808.1,1812,1800.6,1809.4,1809.4,78
07/11/21,1802.6,1805.5,1799.5,1805.5,1805.5,147
07/08/21,1803.6,1810.1,1798.8,1810,1810,218
07/07/21,1797,1818.5,1797,1799.6,1799.6,148
07/06/21,1798.7,1808.4,1797.2,1801.5,1801.5,244
07/05/21,1786.7,1809.8,1786.7,1793.5,1793.5,332
07/01/21,1778.7,1787.9,1778.3,1782.6,1782.6,23
06/30/21,1775.7,1781.2,1768.8,1775.9,1775.9,44
06/29/21,1761.1,1770.8,1759.2,1770.8,1770.8,51
06/28/21,1776.8,1777.1,1752.1,1762.8,1762.8,419
06/27/21,1779.6,1779.6,1779.6,1779.6,1779.6,888
06/24/21,1777.7,1788,1775.2,1776.6,1776.6,35
06/23/21,1778.9,1786.4,1775.6,1775.6,1775.6,78
06/22/21,1780.7,1793.2,1780.6,1782.3,1782.3,136
06/21/21,1783.4,1786.9,1775.9,1776.3,1776.3,101
06/20/21,1768.8,1785.2,1766.8,1781.8,1781.8,38
06/17/21,1775.7,1792.4,1767.9,1767.9,1767.9,354
06/16/21,1811.8,1823.3,1769.6,1773.8,1773.8,1135
06/15/21,1859.4,1860.1,1809.2,1859.5,1859.5,117
06/14/21,1866.4,1867.2,1854.4,1854.5,1854.5,78
06/13/21,1866.2,1866.6,1846.5,1864,1864,41
06/10/21,1900.9,1902.3,1875.2,1877.4,1877.4,349
06/09/21,1887.7,1899.8,1871.5,1894.2,1894.2,186
06/08/21,1894.9,1897.7,1889.2,1893.2,1893.2,148
06/07/21,1896.5,1902.9,1890,1892.2,1892.2,930
06/06/21,1890.5,1899.7,1883.2,1896.8,1896.8,87
06/03/21,1869.3,1895.5,1854,1889.8,1889.8,367
06/02/21,1908.8,1908.8,1865,1871.2,1871.2,1021
06/01/21,1899.2,1908.8,1896,1907.5,1907.5,1267
05/31/21,1905.1,1916.2,1892.8,1902.9,1902.9,640
05/27/21,1897.5,1905.4,1881.9,1902.5,1902.5,2415
05/26/21,1896.8,1903.9,1888.2,1895.7,1895.7,35794
05/25/21,1901.3,1901.3,1901.3,1901.3,1901.3,170526
05/24/21,1882.5,1898.1,1882.5,1898.1,1898.1,56
05/23/21,1882.1,1884.6,1882.1,1884.6,1884.6,39
05/20/21,1872.1,1876.7,1872.1,1876.7,1876.7,5
05/19/21,1865.5,1885,1864.8,1881.8,1881.8,85
05/18/21,1866.4,1884.9,1863.6,1881.3,1881.3,348
05/17/21,1870.5,1870.5,1867.8,1867.8,1867.8,3
05/16/21,1849.9,1867.5,1847.2,1867.5,1867.5,13
05/13/21,1824.5,1842.9,1824.5,1837.9,1837.9,41
05/12/21,1814.7,1826.8,1814.1,1823.8,1823.8,100
05/11/21,1825.2,1825.2,1821.7,1822.6,1822.6,3
05/10/21,1837.2,1838.1,1831.6,1835.9,1835.9,420
05/09/21,1835.6,1845.6,1835.4,1837.5,1837.5,13
05/06/21,1842.9,1842.9,1831.1,1831.1,1831.1,2
05/05/21,1788.9,1815.5,1787.6,1815.5,1815.5,13
05/04/21,1781.5,1784.1,1779.2,1784.1,1784.1,57
05/03/21,1788.2,1788.5,1774.8,1775.8,1775.8,182
05/02/21,1788.5,1793,1788.5,1791.4,1791.4,18
04/29/21,1771.8,1771.8,1763.9,1767.3,1767.3,18
04/28/21,1781,1789,1758.6,1768.1,1768.1,196
04/27/21,1768.2,1774,1764.6,1773.2,1773.2,756
04/26/21,1780,1782,1777.7,1778,1778,117
04/25/21,1778,1779.7,1770.8,1779.2,1779.2,549
04/22/21,1786.1,1794.5,1772,1777,1777,332
04/21/21,1794.2,1794.2,1779.5,1781.2,1781.2,159
04/20/21,1783,1794.1,1777.7,1792.3,1792.3,250
04/19/21,1769.3,1777.3,1765.5,1777.3,1777.3,1464
04/18/21,1782.1,1788.5,1769.4,1769.4,1769.4,144
04/15/21,1770.4,1779.5,1770.1,1779,1779,625
04/14/21,1740.1,1767.9,1740.1,1765.4,1765.4,368
04/13/21,1741.3,1745.9,1732.7,1734.9,1734.9,1037
04/12/21,1733.8,1746.9,1722.1,1746.2,1746.2,367
04/11/21,1740.8,1740.8,1726.7,1731.2,1731.2,40
04/08/21,1750.8,1750.8,1733.3,1743.3,1743.3,484
04/07/21,1736,1758,1734.6,1756.8,1756.8,1298
04/06/21,1742.7,1742.7,1733.7,1740.1,1740.1,557
04/05/21,1726.9,1744.8,1726.9,1741.5,1741.5,890
04/04/21,1727.9,1729.7,1721.9,1727,1727,275
03/31/21,1706.8,1728.8,1706.4,1726.5,1726.5,720
03/30/21,1683.7,1713.8,1676.5,1713.8,1713.8,762
03/29/21,1711,1712.6,1676.5,1683.9,1683.9,25316
03/28/21,1712.1,1712.1,1712.1,1712.1,1712.1,135457
03/25/21,1721.3,1732.2,1721.3,1732.2,1732.2,33
03/24/21,1732.7,1733.2,1724.5,1724.9,1724.9,15
03/23/21,1727.5,1732.9,1727.5,1732.9,1732.9,26
03/22/21,1724.7,1724.7,1724.7,1724.7,1724.7,6
03/21/21,1737.8,1737.8,1737.8,1737.8,1737.8,51
03/18/21,1742.2,1742.2,1733.6,1741.4,1741.4,13
03/17/21,1745.8,1750.3,1721.8,1732.2,1732.2,138
03/16/21,1735.3,1750.1,1725.6,1726.8,1726.8,488
03/15/21,1732.3,1733.9,1726,1730.6,1730.6,729
03/14/21,1729.5,1731.9,1722.8,1728.9,1728.9,147
03/12/21,1715.9,1722.5,1699,1719.5,1719.5,80
03/11/21,1725.6,1737.5,1720.2,1722.3,1722.3,18
03/10/21,1713.6,1722.9,1711,1721.5,1721.5,412
03/09/21,1686.2,1717.5,1685.2,1716.6,1716.6,335
03/08/21,1704.7,1705.4,1673.7,1677.7,1677.7,1290
03/05/21,1690.6,1701,1685,1698,1698,302
03/04/21,1706.5,1717.4,1700.2,1700.2,1700.2,521
03/03/21,1730,1732.4,1703.5,1715.3,1715.3,501
03/02/21,1709.4,1733.1,1708.7,1733.1,1733.1,867
03/01/21,1737.1,1747,1720.3,1722.5,1722.5,407
02/26/21,1768.1,1768.2,1718.8,1728.1,1728.1,1593
02/25/21,1801.5,1802,1766.7,1774.4,1774.4,1049
02/24/21,1805.8,1805.8,1796.4,1796.4,1796.4,1500
02/23/21,1809.6,1811.3,1796.4,1804.4,1804.4,569
02/22/21,1784,1807.8,1784,1806.7,1806.7,165
02/19/21,1764.3,1787.6,1764.3,1775.8,1775.8,118
02/18/21,1776.1,1784.6,1766,1773.4,1773.4,587
02/17/21,1785.8,1789.7,1768.8,1771.1,1771.1,614
02/16/21,1820.9,1823.4,1787.3,1797.2,1797.2,1141
02/12/21,1825,1827.5,1809.2,1821.6,1821.6,259
02/11/21,1840.5,1845,1820.9,1824.9,1824.9,602
02/10/21,1842.6,1851.1,1837,1840.6,1840.6,543
02/09/21,1841.9,1843.3,1830.7,1835.3,1835.3,184
02/08/21,1816.3,1836.7,1809,1831.9,1831.9,254
02/05/21,1794.3,1813.5,1790.9,1810.9,1810.9,1278
02/04/21,1832.2,1832.2,1782.8,1788.9,1788.9,2375
02/03/21,1834.8,1842.4,1829.8,1832.2,1832.2,1195
02/02/21,1859.6,1861.3,1827.6,1830.5,1830.5,1293
02/01/21,1866.6,1871.9,1850,1860.8,1860.8,1494
01/29/21,1842,1876,1838.7,1847.3,1847.3,1634
01/28/21,1843.4,1862.9,1831.5,1837.9,1837.9,27283
01/27/21,1844.9,1844.9,1844.9,1844.9,1844.9,195540
01/26/21,1855.8,1855.8,1850.7,1850.7,1850.7,59
01/25/21,1864.7,1864.7,1851.8,1854.9,1854.9,26
01/22/21,1854.9,1855.7,1852.7,1855.7,1855.7,8
01/21/21,1865.3,1868,1865.3,1865.3,1865.3,6
01/20/21,1847.8,1866.6,1844.4,1865.9,1865.9,16
01/19/21,1802,1842.9,1802,1839.5,1839.5,13
01/15/21,1829.4,1829.4,1825,1829.3,1829.3,31
01/14/21,1836.7,1850.7,1836.7,1850.3,1850.3,149
01/13/21,1858,1858.6,1853.6,1853.6,1853.6,189
01/12/21,1849,1859.7,1839.4,1842.9,1842.9,176
01/11/21,1826.5,1849.6,1826.5,1849.6,1849.6,20
01/08/21,1908,1908,1834.1,1834.1,1834.1,60
01/07/21,1922.6,1926.7,1912,1912.3,1912.3,122
01/06/21,1952,1959.9,1901.5,1906.9,1906.9,331
01/05/21,1941.7,1952.7,1941.3,1952.7,1952.7,113
01/04/21,1912.2,1945.1,1912.2,1944.7,1944.7,154
12/31/20,1897,1901.3,1892.7,1893.1,1893.1,127
12/30/20,1879.9,1895.8,1877.3,1891,1891,444
12/29/20,1881.3,1881.3,1879.7,1879.7,1879.7,343
12/28/20,1895.5,1895.8,1873.7,1877.2,1877.2,75
12/24/20,1877.3,1879.9,1875.7,1879.9,1879.9,46
12/23/20,1867,1878.8,1864.5,1874.7,1874.7,82
12/22/20,1882.2,1882.2,1861,1866.6,1866.6,233
12/21/20,1884.8,1908,1869.1,1879.2,1879.2,136
12/18/20,1882.4,1889.5,1882.3,1885.7,1885.7,276
12/17/20,1874.2,1896.2,1874.2,1887.2,1887.2,414
12/16/20,1856.5,1864.7,1850.5,1856.1,1856.1,1090
12/15/20,1833.5,1853.6,1833.2,1852.3,1852.3,961
12/14/20,1835.5,1835.7,1822.7,1828.7,1828.7,258
12/11/20,1838.5,1846,1829.1,1839.8,1839.8,109
12/10/20,1833.2,1849.1,1828,1833.6,1833.6,177
12/09/20,1867.1,1867.1,1827,1834.6,1834.6,215
12/08/20,1863,1875.8,1861.8,1870.8,1870.8,121
12/07/20,1836.5,1866.9,1820.8,1861.8,1861.8,1427
12/04/20,1840.7,1847.6,1828.2,1835.9,1835.9,1213
12/03/20,1829.2,1842,1825.3,1836.8,1836.8,1765
12/02/20,1811.3,1830,1807.8,1825.7,1825.7,771
12/01/20,1775,1815.9,1774.9,1814.1,1814.1,1859
11/30/20,1785,1787.2,1762.3,1775.7,1775.7,3145
11/27/20,1806.1,1817,1770.7,1781.9,1781.9,71804
11/25/20,1801.4,1805.7,1801.4,1805.7,1805.7,205754
11/24/20,1829.3,1829.3,1799.3,1804.8,1804.8,1041
11/23/20,1834.8,1837.8,1829.2,1837.8,1837.8,843
11/20/20,1871.2,1872.6,1871.2,1872.6,1872.6,1900
11/19/20,1865.8,1865.8,1856,1861.1,1861.1,59
11/18/20,1873.5,1873.5,1873.5,1873.5,1873.5,152
11/17/20,1888.4,1888.4,1884.5,1884.5,1884.5,59
11/16/20,1874.6,1887.3,1871,1887.3,1887.3,6
11/13/20,1877,1890.1,1876.8,1885.7,1885.7,240
11/12/20,1869,1878.5,1866.6,1872.6,1872.6,220
11/11/20,1878.8,1878.8,1855.5,1860.7,1860.7,222
11/10/20,1879.3,1885.3,1871.2,1875.4,1875.4,276
11/09/20,1955.6,1963.2,1847.1,1853.2,1853.2,745
11/06/20,1940.8,1958.8,1940.8,1950.3,1950.3,304
11/05/20,1901.7,1948,1901.7,1945.3,1945.3,135
11/04/20,1893.8,1907,1885.3,1894.6,1894.6,782
11/03/20,1891.5,1908.5,1891.5,1908.5,1908.5,712
11/02/20,1872.9,1894.7,1872.9,1890.4,1890.4,190
10/29/20,1862.8,1886.6,1862.8,1877.4,1877.4,725
10/28/20,1876.1,1879.8,1858.8,1865.6,1865.6,240
10/27/20,1870.9,1876.2,1870.9,1876.2,1876.2,277
10/26/20,1904.6,1908.8,1904.4,1908.8,1908.8,176
10/25/20,1895.5,1907,1893.5,1902.7,1902.7,242
10/22/20,1899.9,1913.3,1896.2,1902,1902,287
10/21/20,1924.3,1924.3,1898.2,1901.1,1901.1,899
10/20/20,1913.6,1927.3,1913.6,1924.6,1924.6,1202
10/19/20,1901.3,1910.4,1896.1,1910.4,1910.4,329
10/18/20,1907.3,1907.8,1899.5,1906.4,1906.4,43
10/15/20,1898.5,1900.8,1898.5,1900.8,1900.8,53
10/14/20,1897.3,1906.3,1889.6,1903.2,1903.2,254
10/13/20,1889.7,1910.8,1882.5,1901.3,1901.3,33
10/12/20,1921.9,1922.2,1887,1888.5,1888.5,191
10/11/20,1924,1926.5,1921.6,1922.5,1922.5,96
10/08/20,1909.3,1929.1,1905.1,1919.5,1919.5,580
10/07/20,1893,1893,1882.7,1888.6,1888.6,348
10/06/20,1874.1,1889.8,1873.1,1883.6,1883.6,50
10/05/20,1906.6,1918,1874.4,1901.1,1901.1,968
10/04/20,1898.9,1915.6,1884.7,1912.5,1912.5,1360
10/01/20,1893.9,1913,1893.9,1900.2,1900.2,530
09/30/20,1884.1,1909.6,1882.5,1908.4,1908.4,730
09/29/20,1893,1899.7,1879.8,1887.5,1887.5,600
09/28/20,1876.5,1895.4,1872.4,1894.3,1894.3,3283
09/27/20,1872.8,1872.8,1872.8,1872.8,1872.8,10455
09/24/20,1856.3,1857.7,1856.3,1857.7,1857.7,4
09/23/20,1851.5,1868.3,1851.5,1868.3,1868.3,365
09/22/20,1875.5,1875.5,1859.9,1859.9,1859.9,5
09/21/20,1913.1,1913.1,1898.6,1898.6,1898.6,331
09/20/20,1946.2,1946.2,1883.4,1901.2,1901.2,52
09/17/20,1950.5,1952.1,1949,1952.1,1952.1,38
09/16/20,1939,1946,1933.7,1940,1940,67
09/15/20,1961.3,1961.4,1956.7,1960.2,1960.2,124
09/14/20,1955.8,1968.5,1955.8,1956.3,1956.3,74
09/13/20,1946.3,1953.1,1943,1953.1,1953.1,55
09/10/20,1944,1949.5,1937.8,1937.8,1937.8,73
09/09/20,1944.1,1962.7,1944.1,1954.2,1954.2,722
09/08/20,1926.9,1946.2,1924.6,1944.7,1944.7,219
09/07/20,1930.9,1937.9,1903.1,1933,1933,271
09/03/20,1927.9,1939.7,1917.7,1923.9,1923.9,607
09/02/20,1937.1,1938.8,1923,1927.6,1927.6,179
09/01/20,1967.3,1967.3,1934.4,1934.4,1934.4,71
08/31/20,1961.7,1986.3,1961.7,1968.2,1968.2,186
08/30/20,1970,1971.3,1953.3,1967.6,1967.6,158
08/27/20,1927.1,1971.3,1922.5,1964.6,1964.6,778
08/26/20,1948.9,1972.5,1921.6,1921.6,1921.6,2303
08/25/20,1909.7,1950.8,1909.7,1940.7,1940.7,287
08/24/20,1927.5,1928.5,1911.8,1911.8,1911.8,176
08/23/20,1930.2,1940,1922.2,1927.7,1927.7,85
08/20/20,1941,1945,1908.9,1934.6,1934.6,184
08/19/20,1941.2,1948.3,1922.3,1933.8,1933.8,106
08/18/20,1980,1980,1938.7,1958.7,1958.7,347
08/17/20,2001.1,2002.8,1972.1,1999.4,1999.4,92
08/16/20,1949.6,1985,1949.6,1985,1985,97
08/13/20,1938.7,1947.4,1937,1937,1937,201
08/12/20,1921.5,1957.4,1916.9,1956.7,1956.7,71
08/11/20,1923,1946.6,1871.6,1934.9,1934.9,404
08/10/20,2012.4,2016,1904,1932.6,1932.6,971
08/09/20,2026.4,2043.8,2017.5,2024.4,2024.4,233
08/06/20,2040.1,2055,2009.6,2010.1,2010.1,808
08/05/20,2045.5,2063,2040,2051.5,2051.5,294
08/04/20,2024,2050.2,2011,2031.1,2031.1,1422
08/03/20,1971,2016.2,1968.8,2001.2,2001.2,2010
08/02/20,1984.3,1984.3,1955.5,1966,1966,683
07/30/20,1948.6,1981.1,1948,1962.8,1962.8,2914
07/29/20,1963.4,1965.1,1930,1942.3,1942.3,28853
07/28/20,1953.2,1953.5,1952.6,1953.5,1953.5,209835
07/27/20,1931.5,1944.7,1928.6,1944.7,1944.7,825
07/26/20,1901.7,1938,1901.5,1931,1931,364
07/23/20,1884.3,1897.3,1884.3,1897.3,1897.3,474
07/22/20,1868.7,1890.3,1868.5,1889.1,1889.1,133
07/21/20,1858.1,1867,1854.7,1864.1,1864.1,213
07/20/20,1822,1842.4,1822,1842.4,1842.4,117
07/19/20,1807,1817.3,1807,1815.9,1815.9,89
07/16/20,1798.5,1810.1,1798.5,1808.3,1808.3,24
07/15/20,1810.9,1810.9,1794.3,1798.7,1798.7,146
07/14/20,1806.1,1813.5,1806.1,1811.4,1811.4,167
07/13/20,1791,1811.5,1791,1810.6,1810.6,339
07/12/20,1805,1811,1805,1811,1811,164
07/09/20,1805.5,1805.5,1797.7,1798.2,1798.2,236
07/08/20,1816.1,1819.8,1799.2,1799.2,1799.2,396
07/07/20,1801.5,1817.9,1801.5,1815.5,1815.5,209
07/06/20,1789.3,1804.2,1783.3,1804.2,1804.2,751
07/05/20,1788.2,1790.1,1788.2,1788.5,1788.5,172
07/01/20,1773.4,1784,1768.7,1784,1784,215
06/30/20,1793.6,1798,1765.8,1773.2,1773.2,331
06/29/20,1777.3,1793.2,1774.4,1793,1793,986
06/28/20,1779.8,1780.2,1774.3,1774.8,1774.8,584
06/25/20,1766,1772.5,1764.7,1772.5,1772.5,640
06/24/20,1761.7,1764.8,1759.8,1762.1,1762.1,207
06/23/20,1778.3,1783.1,1764.5,1765.8,1765.8,961
06/22/20,1755.4,1776.3,1754.2,1772.1,1772.1,666
06/21/20,1755.2,1767.6,1750.5,1756.7,1756.7,1356
06/18/20,1723.7,1750.7,1723.5,1745.9,1745.9,1329
06/17/20,1730.5,1734.1,1717.3,1724.8,1724.8,110
06/16/20,1714.7,1729.2,1714.7,1729.2,1729.2,51
06/15/20,1726.3,1729.6,1722.4,1729.6,1729.6,22
06/14/20,1730,1730,1703.3,1720.3,1720.3,188
06/11/20,1724.9,1743,1724.9,1729.3,1729.3,318
06/10/20,1737.2,1744.1,1720,1732,1732,347
06/09/20,1716.1,1740.8,1711.9,1713.3,1713.3,718
06/08/20,1694.6,1720.9,1692,1714.7,1714.7,690
06/07/20,1679.1,1699.4,1675.9,1698.3,1698.3,587
06/04/20,1711.8,1711.8,1668.6,1676.2,1676.2,1502
06/03/20,1694.5,1718.9,1694.5,1718.9,1718.9,807
06/02/20,1726.3,1726.3,1684.5,1697.8,1697.8,2755
06/01/20,1743,1745.5,1721.8,1725.2,1725.2,741
05/31/20,1740.4,1747,1727.1,1737.8,1737.8,871
05/28/20,1718.8,1738.3,1715.1,1736.9,1736.9,1526
05/27/20,1709.3,1727.8,1705,1713.3,1713.3,23355
05/26/20,1685.6,1710.3,1685.6,1710.3,1710.3,137416
05/25/20,1726.4,1726.4,1704.8,1704.8,1704.8,39
05/21/20,1726.6,1734.6,1726.6,1734.6,1734.6,6
05/20/20,1746.8,1746.8,1720.5,1720.5,1720.5,528
05/19/20,1751.6,1752.1,1745.6,1750.6,1750.6,16
05/18/20,1744.2,1749.5,1744.2,1744.2,1744.2,167
05/17/20,1755.7,1770.5,1731.8,1731.8,1731.8,229
05/14/20,1739.7,1753.4,1739.7,1753.4,1753.4,719
05/13/20,1724.3,1743.1,1720.5,1738.1,1738.1,672
05/12/20,1702,1721.3,1701.9,1713.9,1713.9,431
05/11/20,1699.3,1713.1,1699.3,1704.4,1704.4,324
05/10/20,1702.3,1704.5,1690.2,1695.3,1695.3,749
05/07/20,1726.2,1728.9,1703.8,1709.9,1709.9,330
05/06/20,1686.2,1721.8,1685.6,1721.8,1721.8,853
05/05/20,1704,1704,1684.2,1684.2,1684.2,469
05/04/20,1701.5,1704.4,1697.2,1704.4,1704.4,82
05/03/20,1702.6,1709,1699.6,1706.9,1706.9,320
04/30/20,1686.6,1701.5,1670.5,1694.5,1694.5,337
04/29/20,1719.3,1719.3,1680.8,1684.2,1684.2,327
04/28/20,1710,1713.5,1702,1703.4,1703.4,373
04/27/20,1716.6,1716.6,1707.1,1710.5,1710.5,1255
04/26/20,1731.9,1731.9,1711.9,1711.9,1711.9,169
04/23/20,1744,1744,1714.5,1723.5,1723.5,221
04/22/20,1734,1745.1,1733.3,1733.3,1733.3,482
04/21/20,1696,1728.7,1684.8,1728.7,1728.7,453
04/20/20,1697,1707.1,1659.9,1678.2,1678.2,666
04/19/20,1686,1701.6,1680,1701.6,1701.6,106
04/16/20,1715.7,1725,1684.9,1689.2,1689.2,223
04/15/20,1731,1750.6,1715,1720.4,1720.4,162
04/14/20,1739.4,1744.9,1722.7,1727.2,1727.2,642
04/13/20,1756.8,1775,1739.5,1756.7,1756.7,675
04/12/20,1722,1756.8,1710.7,1744.8,1744.8,696
04/08/20,1662.7,1736.2,1662.7,1736.2,1736.2,825
04/07/20,1669.7,1677,1662.5,1665.4,1665.4,747
04/06/20,1695.7,1724.4,1658,1664.8,1664.8,1144
04/05/20,1629.1,1696.7,1625.9,1677,1677,1063
04/02/20,1624.5,1636,1619.8,1633.7,1633.7,643
04/01/20,1590.9,1631.2,1586,1625.7,1625.7,1294
03/31/20,1570,1600,1570,1578.2,1578.2,2158
03/30/20,1618.7,1621,1576,1583.4,1583.4,2874
03/29/20,1641.2,1652.8,1607.2,1622,1622,16389
03/26/20,1623.9,1623.9,1623.9,1623.9,1623.9,100638
03/25/20,1660.5,1660.5,1650.1,1650.1,1650.1,3
03/24/20,1676.5,1676.5,1631.1,1632.3,1632.3,476
03/23/20,1592.7,1685.5,1592.7,1660.2,1660.2,442
03/22/20,1505.3,1567,1490.2,1567,1567,51
03/19/20,1483.5,1484,1483.5,1484,1484,14
03/18/20,1481.5,1491.6,1471,1478.6,1478.6,262
03/17/20,1537.5,1542,1477.3,1477.3,1477.3,333
03/16/20,1469.3,1537.7,1469.3,1524.9,1524.9,122
03/15/20,1569.1,1569.1,1452.1,1485.9,1485.9,193
03/12/20,1574.9,1589.8,1513.8,1515.7,1515.7,89
03/11/20,1637,1647.5,1566.4,1589.3,1589.3,256
03/10/20,1656.6,1666.5,1635,1641.4,1641.4,47
03/09/20,1671.6,1674.6,1643,1659.1,1659.1,48
03/08/20,1696.1,1701.6,1657.7,1674.5,1674.5,161
03/06/20,1670.8,1686.2,1647.2,1670.8,1670.8,175
03/05/20,1637.3,1672.9,1637.2,1666.4,1666.4,154
03/04/20,1645.4,1645.9,1631.3,1641.1,1641.1,83
03/03/20,1594.5,1645.3,1594,1642.1,1642.1,610
03/02/20,1583.9,1608.3,1574.3,1592.3,1592.3,537
02/28/20,1640.3,1642.5,1564.1,1564.1,1564.1,289
02/27/20,1641.1,1658,1638.5,1640,1640,707
02/26/20,1644,1648.1,1636.4,1640,1640,1990
02/25/20,1645.1,1653.7,1632.3,1646.9,1646.9,409
02/24/20,1657,1686.6,1650,1672.4,1672.4,435
02/21/20,1619.3,1645,1619.3,1644.6,1644.6,186
02/20/20,1606.5,1621,1603,1616.6,1616.6,117
02/19/20,1600.6,1610.5,1599.7,1607.5,1607.5,542
02/18/20,1579.8,1604.3,1579.8,1600,1600,310
02/14/20,1575.8,1582.7,1574.8,1582.7,1582.7,68
02/13/20,1570.2,1575.1,1570.2,1575.1,1575.1,74
02/12/20,1565.2,1568.7,1561,1567.4,1567.4,36
02/11/20,1570.9,1571.1,1561.9,1565.6,1565.6,440
02/10/20,1569.3,1574.7,1568.6,1574.7,1574.7,128
02/07/20,1564.9,1571.9,1560.5,1568.6,1568.6,431
02/06/20,1553.6,1565.6,1551.6,1565.1,1565.1,110
02/05/20,1553.2,1560.7,1547.7,1557.8,1557.8,1305
02/04/20,1577.7,1577.7,1547.8,1550.4,1550.4,978
02/03/20,1592.9,1593.3,1568.2,1577.2,1577.2,1062
01/31/20,1573.4,1589,1570,1582.9,1582.9,1095
01/30/20,1576.8,1585,1571.4,1583.5,1583.5,62336
01/29/20,1569.8,1569.8,1569.8,1569.8,1569.8,251274
01/28/20,1576.4,1576.4,1569.2,1569.2,1569.2,3
01/27/20,1584.3,1584.5,1576.8,1576.8,1576.8,22
01/24/20,1556.3,1571.1,1556.3,1571.1,1571.1,43
01/23/20,1553.1,1564.6,1552.2,1564.6,1564.6,15
01/22/20,1549.8,1557.1,1549.8,1555.3,1555.3,42
01/21/20,1559.3,1566.2,1551,1556.4,1556.4,45
01/17/20,1554.1,1558.8,1553.6,1558.8,1558.8,108
01/16/20,1555.7,1556.1,1548.5,1549,1549,98
01/15/20,1548,1553.9,1545.6,1552.1,1552.1,11
01/14/20,1546.7,1546.7,1534.9,1542.4,1542.4,32
01/13/20,1557.4,1558,1548.4,1548.4,1548.4,48
01/10/20,1551.2,1558.8,1545.4,1557.5,1557.5,16
01/09/20,1555.7,1555.7,1543.3,1551.7,1551.7,54
01/08/20,1579.7,1604.2,1552.3,1557.4,1557.4,236
01/07/20,1558.3,1576.3,1558.3,1571.8,1571.8,47
01/06/20,1580,1580,1560.4,1566.2,1566.2,416
01/03/20,1530.1,1552.7,1530.1,1549.2,1549.2,107
01/02/20,1518.1,1528.7,1518,1524.5,1524.5,214
12/31/19,1513.8,1523.4,1513.8,1519.5,1519.5,301
12/30/19,1512.6,1515.1,1510,1514.5,1514.5,446
12/27/19,1513.8,1513.8,1513.8,1513.8,1513.8,839
12/26/19,1505.2,1512.3,1505,1509.3,1509.3,126
12/24/19,1488.7,1499.1,1488.7,1499.1,1499.1,52
12/23/19,1482.3,1482.5,1479.9,1482.5,1482.5,391
12/20/19,1476.7,1478.1,1474.7,1474.7,1474.7,118
12/19/19,1475.9,1478.9,1473.3,1478.2,1478.2,319
12/18/19,1472.6,1472.6,1472.6,1472.6,1472.6,250
12/17/19,1474.1,1476.9,1474,1474.6,1474.6,410
12/16/19,1473.8,1475.3,1473.8,1475,1475,99
12/13/19,1463.1,1475.9,1463.1,1475.6,1475.6,468
12/12/19,1475.1,1483.9,1463.7,1466.7,1466.7,955
12/11/19,1463.1,1475.4,1463.1,1469.4,1469.4,393
12/10/19,1460.7,1467.2,1460.7,1462.6,1462.6,367
12/09/19,1458.8,1464.2,1458.6,1459.3,1459.3,1461
12/06/19,1475,1476,1458.2,1459.1,1459.1,899
12/05/19,1474.7,1478,1472.3,1476.9,1476.9,907
12/04/19,1477.5,1483.4,1471.2,1474,1474,613
12/03/19,1461.6,1480.4,1459.5,1478.2,1478.2,1460
12/02/19,1462.8,1464.4,1453.3,1462.3,1462.3,2172
11/29/19,1453.6,1465.6,1452.1,1465.6,1465.6,7020
11/27/19,1461.1,1461.9,1452,1453.4,1453.4,88364
11/26/19,1459.8,1459.8,1459.8,1459.8,1459.8,346362
11/25/19,1457.1,1457.1,1455.5,1456.6,1456.6,14
11/22/19,1468.6,1468.6,1463.1,1463.1,1463.1,19
11/21/19,1463.1,1463.1,1463.1,1463.1,1463.1,16
11/20/19,1472.6,1474.5,1467.3,1473.3,1473.3,31
11/19/19,1467.7,1474.3,1467.7,1473.3,1473.3,18
11/18/19,1472,1472,1469.7,1470.9,1470.9,141
11/15/19,1469.1,1469.1,1467.3,1467.3,1467.3,13
11/14/19,1463.8,1471.8,1463.7,1471.8,1471.8,83
11/13/19,1456.8,1463.3,1456.8,1461.7,1461.7,56
11/12/19,1454.9,1454.9,1447.1,1452.1,1452.1,6
11/11/19,1461,1461,1449.3,1455.5,1455.5,22
11/08/19,1469.1,1469.1,1461.3,1461.3,1461.3,21
11/07/19,1489.1,1489.1,1464.2,1464.2,1464.2,581
11/06/19,1483.2,1491,1483.2,1490.2,1490.2,567
11/05/19,1507.1,1507.1,1480.8,1480.8,1480.8,31
11/04/19,1511.6,1511.6,1508,1508,1508,101
10/31/19,1511,1511.6,1503,1508,1508,235
10/30/19,1496.1,1513.1,1496.1,1511.4,1511.4,210
10/29/19,1487.2,1495.4,1481,1493.2,1493.2,320
10/28/19,1485.9,1487,1485.9,1487,1487,425
10/27/19,1504.1,1504.1,1490,1490,1490,37
10/24/19,1501.4,1514.3,1499,1499.5,1499.5,93
10/23/19,1490.5,1501.2,1485.9,1498.9,1498.9,115
10/22/19,1486.4,1490.3,1486.4,1489.9,1489.9,67
10/21/19,1483.4,1483.5,1481.7,1481.7,1481.7,99
10/20/19,1489.9,1489.9,1481.5,1482.4,1482.4,72
10/17/19,1487.3,1489.1,1486.6,1488.2,1488.2,82
10/16/19,1486.2,1493.2,1485.8,1492.3,1492.3,271
10/15/19,1482,1488,1480,1488,1488,383
10/14/19,1488.9,1495.4,1476.6,1477.6,1477.6,367
10/13/19,1484.4,1493.5,1481.3,1491.7,1491.7,400
10/10/19,1491.9,1494.9,1476.9,1482.7,1482.7,57
10/09/19,1511.2,1511.2,1490.6,1494.8,1494.8,78
10/08/19,1507.7,1507.7,1498.4,1506.1,1506.1,120
10/07/19,1489.4,1506.3,1489.3,1497.2,1497.2,46
10/06/19,1504.8,1505.8,1489.1,1497.7,1497.7,121
10/03/19,1505.6,1508.7,1497.1,1506.2,1506.2,233
10/02/19,1497.4,1518.2,1496.6,1507.1,1507.1,1213
10/01/19,1476.6,1503.7,1474.1,1501,1501,205
09/30/19,1468.7,1485.5,1458.3,1482,1482,219
09/29/19,1495.9,1495.9,1463.5,1465.7,1465.7,1078
09/26/19,1504.2,1506.1,1485.6,1499.1,1499.1,7827
09/25/19,1507.5,1507.5,1507.5,1507.5,1507.5,8178
09/24/19,1527.6,1527.9,1504.6,1504.6,1504.6,25
09/23/19,1515.1,1533,1515.1,1532.1,1532.1,25
09/22/19,1515.5,1523.7,1515.5,1523.7,1523.7,5
09/19/19,1503,1507.3,1503,1507.3,1507.3,2
09/18/19,1496.1,1502.4,1496.1,1498.4,1498.4,10
09/17/19,1508.9,1509.4,1489.3,1507.5,1507.5,8
09/16/19,1497.9,1505.1,1497.9,1505.1,1505.1,3
09/15/19,1506.6,1506.8,1496.9,1503.1,1503.1,21
09/12/19,1490.9,1490.9,1486.9,1490.9,1490.9,1
09/11/19,1499.5,1515.4,1498.7,1498.7,1498.7,27
09/10/19,1491.7,1496.6,1490.2,1494.4,1494.4,8
09/09/19,1498.5,1498.5,1486.9,1490.3,1490.3,23
09/08/19,1509,1513,1498,1502.2,1502.2,69
09/05/19,1517.3,1526,1504.5,1506.2,1506.2,54
09/04/19,1551,1551.1,1511.1,1515.4,1515.4,125
09/03/19,1549,1553.2,1534.8,1550.3,1550.3,46
09/02/19,1522.9,1547.3,1521,1545.9,1545.9,139
08/29/19,1524.6,1530.4,1516.7,1519.1,1519.1,276
08/28/19,1537.5,1549.3,1519.6,1526.5,1526.5,704
08/27/19,1538.1,1538.1,1537.8,1537.8,1537.8,2756
08/26/19,1530.5,1542.1,1528.5,1541,1541,166
08/25/19,1543.2,1543.3,1524.3,1526.3,1526.3,334
08/22/19,1493.5,1527.6,1493.5,1526.6,1526.6,983
08/21/19,1495.1,1497.3,1493.8,1497.3,1497.3,686
08/20/19,1504.9,1505,1498.8,1504.6,1504.6,350
08/19/19,1497.5,1506.1,1497.5,1504.6,1504.6,486
08/18/19,1507.2,1507.6,1492.9,1500.4,1500.4,205
08/15/19,1524.6,1524.6,1504.7,1512.5,1512.5,1815
08/14/19,1519.8,1522.7,1510.6,1519.6,1519.6,87
08/13/19,1500,1520.5,1497,1515.9,1515.9,328
08/12/19,1510.4,1531.4,1483.7,1502.2,1502.2,672
08/11/19,1496,1514.9,1488.1,1505.3,1505.3,257
08/08/19,1506.2,1507.5,1495.6,1496.6,1496.6,74
08/07/19,1498.4,1508.5,1492,1497.7,1497.7,367
08/06/19,1473.5,1509.9,1473.2,1507.3,1507.3,824
08/05/19,1469.7,1475,1457.7,1472.4,1472.4,460
08/04/19,1440.4,1469.7,1440.4,1464.6,1464.6,1008
08/01/19,1448,1448,1432.3,1445.6,1445.6,1873
07/31/19,1411.3,1445.2,1400.9,1420.9,1420.9,2431
07/30/19,1431.3,1435.8,1411.2,1426.1,1426.1,3294
07/29/19,1426.3,1433.9,1422.1,1429.7,1429.7,73874
07/28/19,1419.6,1419.6,1419.6,1419.6,1419.6,224267
07/25/19,1422.8,1423,1418.5,1418.5,1418.5,5
07/24/19,1413.9,1413.9,1413.9,1413.9,1413.9,4
07/23/19,1422.8,1422.8,1422.8,1422.8,1422.8,20
07/22/19,1418.6,1421.3,1416.3,1420.1,1420.1,5
07/21/19,1425.3,1425.3,1424,1425.3,1425.3,1
07/18/19,1440.5,1442,1425.1,1425.1,1425.1,22
07/17/19,1422.3,1444.2,1419.5,1426.1,1426.1,66
07/16/19,1404.6,1421.3,1404.6,1421.3,1421.3,6
07/15/19,1413.6,1413.7,1405,1409.2,1409.2,13
07/14/19,1414.4,1415,1411.4,1411.4,1411.4,25
07/11/19,1405.6,1410.1,1405.6,1409.9,1409.9,8
07/10/19,1424,1424,1404.3,1404.3,1404.3,6
07/09/19,1409.9,1410.1,1409.9,1410.1,1410.1,50
07/08/19,1394.5,1397.5,1386.2,1397.5,1397.5,53
07/07/19,1395.9,1397,1393.6,1397,1397,14
07/04/19,1418.3,1418.3,1390.2,1396.7,1396.7,20
07/03/19,1431,1434,1413.1,1417.7,1417.7,46
07/01/19,1391.1,1418.4,1390.8,1404.6,1404.6,38
06/30/19,1386.6,1395.8,1382.8,1385.6,1385.6,214
06/27/19,1408.3,1422,1408.3,1409.7,1409.7,356
06/26/19,1407,1410.8,1399.8,1408.4,1408.4,437
06/25/19,1407.2,1413.3,1405.8,1411.6,1411.6,1333
06/24/19,1418.1,1433.3,1414.9,1414.9,1414.9,105
06/23/19,1406,1420.6,1402.1,1414.3,1414.3,125
06/20/19,1406,1406,1390.3,1396.2,1396.2,35
06/19/19,1381.5,1392.9,1379.5,1392.9,1392.9,76
06/18/19,1344,1344.6,1344,1344.6,1344.6,129
06/17/19,1349.3,1349.3,1341.6,1346.6,1346.6,29
06/16/19,1339,1340.3,1335,1338.7,1338.7,76
06/13/19,1345.4,1355.4,1339.3,1340.1,1340.1,914
06/12/19,1331.6,1341.1,1331.6,1339.2,1339.2,157
06/11/19,1326.9,1334.5,1326.9,1331.9,1331.9,139
06/10/19,1328.4,1328.4,1319.1,1326.4,1326.4,201
06/09/19,1335.8,1336.5,1324.1,1324.7,1324.7,268
06/06/19,1333.1,1347.7,1329.8,1341.2,1341.2,240
06/05/19,1330.8,1338.7,1326.2,1337.6,1337.6,161
06/04/19,1328.9,1343.3,1326.3,1328.3,1328.3,622
06/03/19,1324.3,1328.6,1320.8,1323.4,1323.4,302
06/02/19,1307,1327.8,1307,1322.7,1322.7,812
05/30/19,1287.7,1306.4,1287.5,1305.8,1305.8,2814
05/29/19,1279.4,1288.3,1273.9,1287.1,1287.1,55573
05/28/19,1280.6,1280.6,1280.6,1280.6,1280.6,189694
05/27/19,1276.5,1276.5,1276.5,1276.5,1276.5,-
05/23/19,1283,1283,1283,1283,1283,9
05/22/19,1284.8,1284.8,1284.8,1284.8,1284.8,-
05/21/19,1273.6,1273.6,1273.6,1273.6,1273.6,-
05/20/19,1272,1272,1272,1272,1272,-
05/19/19,1276.1,1276.1,1276.1,1276.1,1276.1,20
05/16/19,1280,1280,1274.5,1274.5,1274.5,1
05/15/19,1285.2,1285.4,1285,1285,1285,3
05/14/19,1296.9,1296.9,1296,1296.3,1296.3,55
05/13/19,1297.8,1297.8,1294.7,1294.7,1294.7,6
05/12/19,1286.7,1300.1,1281.8,1300.1,1300.1,56
05/09/19,1285.4,1286.5,1283.3,1285.7,1285.7,6
05/08/19,1278.9,1285,1278.8,1283.5,1283.5,38
05/07/19,1279.4,1279.4,1279.4,1279.4,1279.4,5
05/06/19,1280.5,1283.5,1280.5,1283.5,1283.5,8
05/05/19,1282.2,1282.2,1280.3,1281.7,1281.7,12
05/02/19,1270.1,1279.2,1270.1,1279.2,1279.2,15
05/01/19,1269.2,1270.8,1266.6,1269.7,1269.7,63
04/30/19,1278.7,1283.3,1278.7,1281.4,1281.4,70
04/29/19,1281.7,1283.3,1280.8,1282.8,1282.8,114
04/28/19,1284.8,1284.9,1277.1,1278.6,1278.6,568
04/25/19,1284.9,1284.9,1284.9,1284.9,1284.9,804
04/24/19,1280.6,1280.8,1275.8,1275.8,1275.8,95
04/23/19,1268.4,1275.5,1267.8,1275.5,1275.5,518
04/22/19,1266.4,1269.8,1266,1269.3,1269.3,206
04/21/19,1273.5,1273.5,1273.5,1273.5,1273.5,147
04/17/19,1270.8,1273.6,1270.1,1271.9,1271.9,27
04/16/19,1273.5,1273.5,1271.6,1272.2,1272.2,308
04/15/19,1285.2,1285.2,1272.2,1272.6,1272.6,643
04/14/19,1284.8,1287.3,1282.3,1286.8,1286.8,523
04/11/19,1293.4,1293.4,1289.2,1290.6,1290.6,607
04/10/19,1307,1307.1,1288.6,1288.6,1288.6,420
04/09/19,1304,1309.1,1301.5,1309.1,1309.1,66
04/08/19,1298.5,1304.9,1298.5,1303.5,1303.5,30
04/07/19,1292.2,1302.1,1291.8,1297.1,1297.1,63
04/04/19,1292,1292,1283.6,1290.4,1290.4,181
04/03/19,1290.6,1292.6,1279.5,1289,1289,269
04/02/19,1291.4,1293.1,1287.5,1289.9,1289.9,172
04/01/19,1286.3,1290.9,1284.5,1290,1290,525
03/31/19,1291.8,1295.9,1285.7,1288.4,1288.4,675
03/28/19,1289.6,1298.5,1286.1,1293,1293,1265
03/27/19,1308.4,1311.1,1287.7,1289.8,1289.8,87798
03/26/19,1309.9,1309.9,1309.9,1309.9,1309.9,206263
03/25/19,1315.6,1315.6,1314.3,1314.3,1314.3,1
03/24/19,1320.7,1322.9,1320.7,1321.9,1321.9,19
03/21/19,1311.6,1311.6,1311.6,1311.6,1311.6,-
03/20/19,1306.1,1306.1,1306.1,1306.1,1306.1,-
03/19/19,1300.7,1300.7,1300.5,1300.5,1300.5,2
03/18/19,1306.9,1306.9,1304.8,1305,1305,20
03/17/19,1297.3,1302.2,1297.3,1300.3,1300.3,8
03/14/19,1300.9,1304.7,1300.5,1301.8,1301.8,26
03/13/19,1293.4,1293.4,1293.4,1293.4,1293.4,1
03/12/19,1307.5,1307.5,1307.5,1307.5,1307.5,-
03/11/19,1294.7,1296.3,1294.7,1296.3,1296.3,1
03/10/19,1291,1291,1288.8,1288.8,1288.8,9
03/08/19,1292.1,1297.4,1291.6,1297,1297,10
03/07/19,1281,1284.6,1281,1283.8,1283.8,11
03/06/19,1287.1,1287.1,1282.6,1284.9,1284.9,14
03/05/19,1287,1287,1282,1282,1282,114
03/04/19,1285.5,1287,1281.9,1284.8,1284.8,28
03/01/19,1312.2,1312.2,1288.9,1296.4,1296.4,110
02/28/19,1321.1,1323.7,1311.5,1312.8,1312.8,141
02/27/19,1327.7,1327.9,1316.5,1317.7,1317.7,604
02/26/19,1323.3,1325.5,1323.3,1325.1,1325.1,939
02/25/19,1329.2,1331.6,1325.6,1325.9,1325.9,185
02/22/19,1324.2,1331.3,1321,1329.2,1329.2,718
02/21/19,1331.3,1334.9,1320.9,1323.5,1323.5,414
02/20/19,1342.2,1344,1338,1343.3,1343.3,581
02/19/19,1320.9,1340.1,1320.5,1340.1,1340.1,390
02/15/19,1313.6,1318.8,1313.6,1318.1,1318.1,190
02/14/19,1305,1311.8,1301.6,1309.8,1309.8,858
02/13/19,1311.6,1316,1308.1,1310.8,1310.8,143
02/12/19,1310,1312,1307.6,1309.2,1309.2,109
02/11/19,1313.4,1313.4,1304.7,1307,1307,119
02/08/19,1309.5,1314,1307.8,1313.7,1313.7,122
02/07/19,1302.9,1310.4,1302.2,1309.4,1309.4,203
02/06/19,1312.5,1313.5,1305,1309.5,1309.5,358
02/05/19,1311.1,1315.1,1311,1314.2,1314.2,362
02/04/19,1318.1,1318.1,1308.3,1314.3,1314.3,675
02/01/19,1320.3,1320.7,1315.4,1316.9,1316.9,878
01/31/19,1320,1325.4,1316.7,1319.7,1319.7,1970
01/30/19,1310.4,1323.4,1308.1,1309.9,1309.9,54958
01/29/19,1308.2,1308.2,1308.2,1308.2,1308.2,213607
01/28/19,1300.8,1307.1,1298.4,1302.4,1302.4,54
01/25/19,1297.4,1297.4,1297.4,1297.4,1297.4,-
01/24/19,1279.1,1279.1,1278.5,1279.1,1279.1,1
01/23/19,1281.7,1283.9,1278.7,1283.1,1283.1,14
01/22/19,1282.5,1283.3,1282.5,1282.5,1282.5,7
01/18/19,1281.3,1281.3,1281.3,1281.3,1281.3,3
01/17/19,1291.6,1292.7,1288.5,1291,1291,10
01/16/19,1291.6,1291.6,1291.6,1291.6,1291.6,2
01/15/19,1290.1,1292.7,1286.2,1286.2,1286.2,3
01/14/19,1292.4,1293.9,1289.1,1289.1,1289.1,7
01/11/19,1291.2,1291.2,1286.3,1287.1,1287.1,11
01/10/19,1284.7,1284.7,1284.7,1284.7,1284.7,-
01/09/19,1279.4,1289.3,1279.2,1289.3,1289.3,102
01/08/19,1280.5,1283.2,1278.2,1283.2,1283.2,54
01/07/19,1286.8,1286.8,1286.6,1286.8,1286.8,2
01/04/19,1294.2,1294.2,1275.3,1282.7,1282.7,34
01/03/19,1286.8,1292,1286.7,1291.8,1291.8,10
01/02/19,1286,1286,1277.6,1281,1281,149
